﻿<?xml version="1.0" encoding="utf-8" ?>
<log4net>
  <!-- Tipo RollingFileAppender é o log em arquivo texto -->
  <appender name="RollingFile" type="log4net.Appender.RollingFileAppender">
    <file value="c:\temp\log.txt" />
    <!-- Caminho onde será salvo o arquivo de log. NÃO alterar, atualmente salvamos em WORKFOLDER\log -->
    <appendToFile value="true" />
    <!-- Define que um arquivo pode ser sobrescrito. NÃO alterar -->
    <maximumFileSize value="2MB" />
    <!-- Tamanho em MB que os arquivos serão truncados -->
    <maxSizeRollBackups value="100" />
    <!-- Quantidade máxima de arquivos que poderá ser gerada para uma mesma data -->

    <!-- Níveis que devem ser logados no arquivo -->
    <!-- Os níveis disponíveis, em ordem crescente são: DEBUG, INFO, WARN, ERROR e FATAL  -->
    <filter type="log4net.Filter.LevelRangeFilter">
      <levelMin value="INFO" />
      <levelMax value="FATAL" />
    </filter>
    <!-- Padrão de escrita do arquivo de log -->
    <!-- Variáveis:
			%thread   - ID/Nome da thread que está logando
			%-5level  - Nível do log que está sendo escrito
			%date     - Data e hora da escrita
			%logger   - fonte do log
			%message  - mensagem logada
			%newline  - quebra de linha

			OBS.: os ';' são colocados para que o arquivo de log possa ser salvo com extensão .CSV e visualizado no Excel.
						os demais caracteres e espaços entre variáveis podem ser definidos como desejado

						Ex.: ID/Nome Thread: %thread Nível do log: %-5level ....etc
		-->
    <layout type="log4net.Layout.PatternLayout">
      <conversionPattern value="[%thread]; %-5level; %date; [%logger]; %message; %newline"/>
    </layout>
  </appender>

  <!-- 
		A única informação que pode ser alterada em qualquer entrada é o valor de level.
		Por padrão, todas as entradas estão com o valor "ALL", que abrange todos os níveis citados acima.
		Este valor pode ser trocado por um único nível.

		Ex.: Mudando o nível (level) da entrada "ServerService" para "ERROR", significa que apenas as mensagens de ERRO serão logadas,
		sendo as demais omitidas.

		<logger name="ServerService">
			 <level value="ERROR" />
			 <appender-ref ref="RollingFile" />
		</logger>
	-->  

  <logger name="LocalAdminTool">
    <level value="ALL" />
    <appender-ref ref="RollingFile" />
  </logger>

  <logger name="WebSite">
    <level value="ALL" />
    <appender-ref ref="RollingFile" />
  </logger>

  <logger name="CountersCalculator">
    <level value="ALL" />
    <appender-ref ref="RollingFile" />
  </logger>

  <logger name="Database">
    <level value="ALL" />
    <appender-ref ref="RollingFile" />
  </logger>

  <logger name="WebService">
    <level value="ALL" />
    <appender-ref ref="RollingFile" />
  </logger>

  <logger name="PrintLogFile">
    <level value="ALL" />
    <appender-ref ref="RollingFile" />
  </logger>

  <logger name="LinkService">
    <level value="ALL" />
    <appender-ref ref="RollingFile" />
  </logger>

  <logger name="Update">
    <level value="ALL" />
    <appender-ref ref="RollingFile" />
  </logger>

  <logger name="Email">
    <level value="ALL" />
    <appender-ref ref="RollingFile" />
  </logger>

  <logger name="NetClientService">
    <level value="ALL" />
    <appender-ref ref="RollingFile" />
  </logger>
  
  <logger name="USB">
    <level value="ALL" />
    <appender-ref ref="RollingFile" />
  </logger>
  
  <logger name="LogUpload">
    <level value="ALL" />
    <appender-ref ref="RollingFile" />
  </logger>
  
  <logger name="HTML">
    <level value="ALL" />
    <appender-ref ref="RollingFile" />
  </logger>
  
  <logger name="ServerCommunication">
    <level value="ALL" />
    <appender-ref ref="RollingFile" />
  </logger>
  
  <logger name="JSON">
    <level value="ALL" />
    <appender-ref ref="RollingFile" />
  </logger>
  
  <logger name="SNMP">
    <level value="ALL" />
    <appender-ref ref="RollingFile" />
  </logger>
  
  <logger name="XML">
    <level value="ALL" />
    <appender-ref ref="RollingFile" />
  </logger>

  <logger name="ClearFiles">
    <level value="ALL" />
    <appender-ref ref="RollingFile" />
  </logger>

  <logger name="ServicesGuardian">
    <level value="ALL" />
    <appender-ref ref="RollingFile" />
  </logger>
</log4net>